"compound_name","polarity","consensus_MS2"
"(3-Carboxypropyl)trimethylammonium","pos","20V 146.11766, 100; 87.04468, 47.4; 60.08156, 26.3: 35V 146.11769, 100; 87.04469, 51; 60.08158, 27.5: 50V 146.11766, 37.9; 87.04466, 100; 60.08156, 41.3: 100V 87.04468, 100; 60.08157, 86.5; 58.06593, 35.9; 59.07374, 7"
"2,3-Pyridinedicarboxylic acid","pos","20V 108.0119, 2.3: 35V 108.01184, 5.7; 112.03974, 1.4: 50V 59.04862, 2.3; 108.99587, 1.9; 95.06092, 1.4; 86.07189, 1.8; 122.02396, 1.9; 119.06927, 1.4: 100V 126.02229, 6.1; 86.07196, 2.6; 58.0659, 1.8; 50.0159, 1.9; 84.04506, 1.9"
"2-Heptyl-3-hydroxy-quinolone","pos","20V : 35V : 50V 188.07069, 1.7: 100V 133.05241, 7.4; 93.05788, 6.3; 119.07334, 2.5; 174.0553, 2.6; 91.05473, 2.2; 115.05458, 2.2; 129.0576, 1.8; 105.03388, 1.7; 78.04699, 1.7; 132.08103, 1.5; 128.04966, 1.5; 117.05757, 1.4"
"4-Aminobutyric acid","pos","20V 87.04467, 100; 69.03423, 18.2; 104.07115, 58.9; 86.06071, 35.7; 104.10747, 39.6; 68.05022, 2: 35V 87.04468, 100; 69.03424, 18.4; 58.06596, 49.2; 104.0711, 42.1; 86.06069, 34.8; 104.10749, 29.8; 57.03432, 18.6: 50V 87.04469, 100; 69.03426, 19.2; 58.06594, 11.1; 104.07112, 11; 86.06069, 28.4; 104.10753, 9.6; 68.05026, 1.9: 100V 87.04459, 37.9; 69.03418, 62.7; 60.08158, 8.3"
"5-Hydroxyectoine","pos","20V 83.06105, 1.4; 117.06632, 1.8; 159.12113, 2.6: 35V 72.04516, 1.5; 159.12113, 2.7; 99.05588, 1.1: 50V 58.06597, 2.5; 59.06928, 1.3; 159.12113, 1.8; 82.02942, 1.2; 141.06612, 1.1: 100V 58.06598, 4.3; 59.0693, 2.3; 54.03469, 2.1; 72.04297, 1.9; 71.06116, 1.2"
"5-Methylcytosine","pos","20V 108.05615, 1.4: 35V 108.05616, 1.4: 50V : 100V 66.03469, 1.5"
"Acetylcholine","pos","20V : 35V : 50V : 100V "
"Adenine","pos","20V 136.06193, 100; 119.03552, 1.2: 35V 136.06194, 100; 119.03558, 1.3; 136.02185, 1.7: 50V 136.06194, 100; 119.03559, 4.1; 137.04594, 3.3: 100V 136.06198, 24.9; 119.03559, 100; 92.02494, 34.4; 137.04598, 23.7; 67.02986, 14.8; 94.04057, 13.5; 109.05134, 6.3; 82.04065, 2.9; 65.01419, 2.9; 55.02991, 2.8; 109.01115, 2; 112.05104, 1.9; 136.02189, 1.8"
"Adenosine","pos","20V 136.06198, 100; 268.10422, 71: 35V 136.062, 100; 268.10436, 2.9: 50V 136.06199, 100; 57.03436, 1.3: 100V 136.06204, 100; 119.03565, 70.8; 137.04605, 29.7; 94.04061, 13.5; 92.025, 11; 109.05137, 5.7; 67.0299, 4.1; 57.03435, 3.8; 71.01351, 4.2; 55.01869, 3; 69.03431, 2.4; 82.04065, 1.5; 85.02911, 1.2"
"Anserine","pos","20V 241.12975, 100; 109.07656, 1.8; 170.09268, 4.5; 224.10308, 2.2; 197.14007, 2.6: 35V 96.06882, 5.1; 95.06091, 4.4; 97.07656, 3.7; 168.1136, 13; 83.06099, 1.2; 124.08724, 8.1; 212.10332, 7.3; 150.10289, 8.2; 179.12944, 6.4; 194.09294, 4.5; 72.04509, 2: 50V 241.12976, 4.2; 68.05023, 3.2; 97.07663, 8; 224.10332, 3.5; 168.11342, 4.7; 197.1402, 1.8; 83.06105, 2; 180.11335, 4.9; 124.08727, 5.7; 150.10287, 5.1; 135.05563, 2.1; 179.12954, 1.4; 111.05574, 1.5; 59.06123, 2.1; 72.04515, 1.7; 125.07138, 1.5: 100V 126.10288, 3; 153.06602, 3.1; 81.04544, 10.2; 107.06091, 11.8; 83.06105, 10.6; 82.06587, 9.6; 124.08733, 3.2; 56.05032, 5.7; 135.05544, 5.5; 80.05017, 5.2; 54.03465, 5.9; 111.05571, 2.9; 66.03465, 4.5; 55.04244, 2.3; 65.03937, 1.6; 125.07122, 1.8"
"Arsenobetaine","pos","20V 119.99187, 2.1: 35V 160.99442, 2; 136.99446, 1.9: 50V 118.98407, 2.9; 135.01524, 2.2; 116.96833, 1.5: 100V 160.99453, 1.3; 136.99456, 1.8; 90.95302, 2.6; 115.94805, 1.4; 121.97117, 1.3; 145.99488, 1.6"
"beta-Alanine","pos","20V 72.08154, 100; 90.09199, 73.3; 70.0659, 5.6; 90.05562, 7.9: 35V 72.0452, 7.2: 50V 72.08154, 100; 90.09199, 71.3; 70.0659, 5.5; 90.05559, 7.8; 72.04517, 5.6: 100V 72.08154, 100; 90.09202, 8.2; 70.06588, 23; 57.05815, 7.2; 56.05031, 5.8"
"beta-Alaninebetaine","pos","20V : 35V : 50V : 100V "
"beta-Glutamic acid","pos","20V 130.05014, 51.5; 102.05548, 43: 35V 84.04498, 100; 130.05016, 39.3; 102.05546, 40.2; 148.09684, 1.6: 50V 130.05024, 5.4; 56.05034, 2.5; 102.05545, 16.8: 100V 84.04505, 100; 56.05028, 52.5"
"Betonicine","pos","20V 160.09702, 100: 35V 160.09702, 100; 88.07633, 1.4: 50V 160.09702, 100; 58.06595, 1.6; 88.07636, 13; 102.05551, 1.5: 100V 160.09706, 16; 58.06596, 100; 88.07635, 64.2; 70.06591, 11.5; 102.05552, 8.7; 82.06585, 8.5; 100.07627, 6.7; 73.05296, 3.9; 56.0503, 3.5; 86.06072, 3.1; 74.06078, 1.6; 55.04248, 2; 71.0737, 1.7; 73.02915, 1.5; 55.0187, 1.5"
"Butyrylcarnitine","pos","20V 232.15442, 100; 85.02903, 20.4; 173.08101, 18.7; 60.08156, 4.7: 35V 232.15447, 21.2; 85.02903, 100; 173.081, 16.6; 60.08157, 9.1; 144.10198, 2.7: 50V 85.02905, 100; 173.08119, 1.2; 60.08158, 5.4; 144.10215, 2.1: 100V 85.02904, 100; 57.0343, 10.5; 60.08156, 6.5; 84.08144, 6; 58.06594, 3.4"
"Carnitine","pos","20V 162.11264, 100; 60.0816, 6.8; 103.0395, 8.9; 102.09186, 2; 138.99288, 1.4: 35V 162.11265, 100; 60.0816, 11.6; 103.0395, 15.4; 138.99292, 1.2: 50V 162.11266, 100; 60.08159, 50.5; 103.0395, 79.9; 85.02908, 27.8; 102.09188, 23.3: 100V 61.02919, 4.2; 121.96658, 2.2"
"Carnosine","pos","20V 227.11414, 100; 110.07179, 43.2; 210.08768, 92.9; 156.07706, 52.1; 164.08217, 5.2; 181.10867, 17.7; 180.07705, 16.9; 122.07171, 1.6; 209.10375, 13.2; 152.08204, 3.2; 138.06648, 6; 192.07714, 5; 198.08769, 5.5: 35V 227.11417, 6.9; 110.0718, 100; 210.08768, 38.7; 156.07706, 84.2; 95.06104, 4.6; 164.08218, 25.5; 181.10867, 23.4; 180.07704, 8; 122.0717, 16.3; 209.10362, 2.8; 152.0821, 10.7; 138.06643, 1.8; 192.07699, 5.6; 198.08753, 3: 50V 110.07179, 100; 210.08771, 2.1; 156.07706, 25.9; 83.06112, 2.6; 93.04538, 1.6; 95.06102, 7.9; 164.08215, 11.1; 181.10865, 2.5; 122.07167, 15.7; 152.08217, 3.3; 146.07151, 1.8: 100V 110.07179, 100; 83.0611, 80.8; 93.04538, 55.6; 95.06102, 29.1; 56.05033, 15.1; 122.07171, 3.1; 68.05027, 12.4; 82.05329, 12; 81.04547, 10.4; 55.01873, 2.3; 111.0558, 1.7"
"Chitobiose","pos","20V 204.08698, 100; 126.05526, 21.8; 138.05513, 5.5; 168.06585, 5.7; 186.07649, 8.8; 222.09747, 3.3; 407.16702, 1.7: 35V 186.07648, 7.8: 50V 96.04498, 7; 98.06066, 6.9; 109.02898, 2.7: 100V 69.0343, 10.2; 68.0503, 7; 80.05014, 5.1; 53.03946, 5.7"
"Choline","pos","20V 104.10749, 100; 60.08159, 12.3: 35V : 50V 58.06594, 1.2: 100V 104.10751, 26.9; 60.08159, 100; 58.06596, 30; 59.07377, 6.4"
"Citrulline","pos","20V 114.05538, 3.2: 35V 141.06596, 2.2; 97.07653, 1.4: 50V 141.06599, 1.5; 96.04493, 1.4; 97.07653, 1.4: 100V 86.06066, 1.4; 68.05021, 2.1"
"Creatine","pos","20V 68.05024, 9.2; 132.06573, 29.6; 87.0559, 3; 114.06661, 2.4; 114.05535, 1.4: 35V 68.05023, 14.2; 132.0657, 37.5; 87.05585, 2.3; 114.06659, 2.4; 114.0554, 2.1; 115.05051, 1.4: 50V 68.05024, 16.9; 132.06572, 13.8; 87.05593, 4.7; 114.06664, 2.4; 115.05057, 1.3: 100V 86.0607, 55.3; 58.06594, 18; 72.05632, 2.1; 53.00303, 1.5"
"Cys-Gly, oxidized","pos","20V 355.0742, 100; 177.03301, 32.3; 131.0453, 3.7; 130.0501, 11.2; 235.02078, 16.3; 211.02074, 18.7; 209.00517, 18.2; 179.04865, 5.6; 145.06097, 2.6; 298.05257, 2.5; 337.06363, 1.6: 35V 355.07429, 1.6; 177.03298, 100; 131.04534, 35.8; 85.04026, 4.2; 130.05012, 24.3; 76.02225, 3.1; 113.03494, 3.6; 131.9938, 3.8; 92.01705, 6.5; 235.02073, 30.3; 162.02208, 7; 211.02082, 4.5; 209.00516, 4.8; 112.03972, 3.3; 76.04, 2.6; 179.04866, 13.2; 107.99408, 5.4; 99.0558, 2.3; 160.00659, 1.9; 189.0152, 1.4; 145.06094, 3.2; 298.05274, 1.2; 143.04527, 1.8: 50V 177.03303, 74.2; 131.04535, 100; 85.04031, 72; 130.05013, 50.5; 58.99584, 2.7; 76.02228, 26.9; 113.03498, 32.2; 131.99388, 27.6; 92.01707, 31.1; 235.02076, 13.4; 162.0221, 23.1; 55.01866, 5.6; 74.00662, 11.3; 112.03977, 13.5; 76.04, 10.4; 179.04869, 9.3; 107.99411, 9.1; 116.01689, 10.3; 84.04506, 8; 144.01152, 8.4; 100.02209, 5.1; 99.05583, 6.8; 160.00641, 6; 202.04097, 6.6; 189.0152, 4.7; 86.00659, 1.7; 83.06102, 2; 129.06615, 3.9; 59.06121, 3; 155.04537, 1.8; 105.9784, 2.1: 100V 85.04029, 100; 58.99581, 46.9; 76.02226, 39.8; 131.99381, 1.8; 55.01866, 20.7; 74.00662, 19.8; 76.03997, 3.3; 116.01683, 3.3; 84.045, 4; 100.0221, 7.5; 58.02957, 5.9; 99.01424, 5.8; 86.00654, 5.9; 86.99051, 4.8; 83.06106, 5; 57.98796, 2.4; 67.04242, 2.6; 88.0221, 2.5"
"Cytidine","pos","20V 226.06874, 2.4; 244.09264, 1.8: 35V 226.06884, 1.6: 50V 95.0246, 2.1; 84.04508, 2.2; 59.06122, 1.9: 100V 68.01392, 6.8; 52.01905, 2.6"
"Cytosine","pos","20V 112.05098, 100; 95.0246, 7.4; 69.04551, 2.6: 35V 95.02462, 7.3; 69.04552, 2.7: 50V 95.02462, 11.5; 69.04552, 4; 94.04063, 1.4: 100V 69.04551, 19.3; 94.0406, 15.2; 68.01388, 13.8; 67.02987, 13.6; 52.01904, 6.1; 71.02476, 1.8"
"Deoxyadenosine","pos","20V 234.09733, 60.7; 126.0552, 11.3; 216.08679, 35.2; 144.06568, 26.1; 84.04506, 12.7; 98.06054, 2.6; 62.98248, 4.4; 252.14382, 5; 217.70695, 2.6; 252.02527, 2.5; 252.0481, 1.7: 35V 234.09751, 16.2; 126.05524, 70.7; 68.05015, 3.6; 72.04515, 16.4; 216.08694, 41.9; 252.10851, 2.6; 144.06572, 46.3; 70.06591, 2.3; 84.04508, 38; 98.06064, 16.6; 80.05008, 3.4; 96.0449, 13.7; 97.02887, 6.2; 81.03411, 2.4; 104.10734, 6.4; 62.98248, 10.4; 114.05524, 5.6; 73.02915, 1.4; 186.07682, 3.4; 241.98784, 3.3; 127.03918, 3: 50V 126.05523, 68; 68.05021, 20.7; 72.04511, 52; 56.05026, 10.3; 144.06567, 19.4; 70.06586, 15.6; 84.04507, 57.9; 98.06056, 42.7; 80.05007, 9.5; 96.04493, 23.1; 97.0289, 16.2; 81.03416, 4.4; 104.10734, 11.8; 62.98255, 12.5; 114.05533, 11.7; 86.06069, 6.9; 73.0292, 3.1; 85.029, 6.3; 108.04488, 4.8: 100V 68.0502, 81.7; 72.04518, 47.6; 56.05025, 50.8; 70.06589, 56.4; 84.04506, 38; 57.03445, 1.6; 82.04065, 1.8"
"Dimethylglycine","pos","20V 86.06072, 81.9; 104.10757, 53.6; 57.03434, 21.4: 35V 104.10762, 50.1; 57.03433, 24.4: 50V 58.06596, 100; 104.07114, 73.9; 86.06073, 74.7; 104.10745, 48.2; 57.03434, 27.7: 100V 58.06594, 100"
"Dimethylsulfonioacetate","pos","20V 121.03213, 100; 62.0193, 16.6; 61.01147, 20.6; 63.02711, 2.7; 75.02707, 2.6; 103.02172, 1.1: 35V 121.03213, 100; 62.01929, 16.2; 61.01146, 20.5; 63.02712, 2.9; 75.02704, 2.8: 50V 121.03216, 100; 62.0193, 38; 61.01148, 36.7; 63.02712, 6.6; 75.02705, 4; 103.02177, 2: 100V 121.03214, 4.6; 62.01929, 100; 61.01147, 36.3; 63.02711, 11.8; 87.99842, 2.9"
"Dimethylsulfoniopropionate","pos","20V 135.04766, 100; 73.02917, 71.1; 63.02711, 59.9; 55.0187, 1.9: 35V 135.04765, 100; 73.02917, 70.3; 63.02711, 60.8; 55.01872, 2: 50V 135.04767, 37.1; 73.02917, 100; 63.02711, 73.5; 61.01148, 2.1; 55.01872, 4.1: 100V 73.02918, 42.3; 63.02712, 100; 61.01149, 28.1; 55.01869, 9.8"
"Ectoine","pos","20V 143.08174, 100; 97.07664, 37.8; 68.05025, 1.6; 101.07152, 5.2: 35V 143.08174, 100; 97.07662, 38; 68.05029, 1.6; 101.07153, 5.2: 50V 143.08175, 65.8; 97.07663, 100; 68.05028, 11.5; 56.05033, 3.1; 101.07151, 8.7; 73.07678, 2.2: 100V 97.07664, 42; 68.05027, 100; 56.05033, 16.4; 83.06109, 2; 98.08449, 1.6"
"Ergothioneine","pos","20V : 35V 69.05805, 1.4; 100.02207, 1.9; 86.00651, 1.3; 171.02254, 1.6: 50V 67.04241, 1.3; 86.00654, 3.4; 143.02749, 2.2: 100V 115.03282, 5.8; 86.00654, 5.7; 95.06096, 6; 143.02767, 3.9"
"Glucosamine","pos","20V 69.03421, 1.7; 68.0502, 1.8; 80.05008, 1.6; 108.04476, 1.7; 103.0394, 1.4; 102.05545, 1.9; 90.05535, 1.1; 116.07094, 1.3; 180.11297, 1.5: 35V 68.05025, 3.4; 61.02921, 3.2; 80.0502, 3.2; 81.03419, 2.7; 180.08703, 4.4; 103.0395, 2.5; 86.06072, 2.1; 99.04459, 1.5; 102.05551, 3.1; 109.02879, 1.8; 145.04972, 1.7: 50V 57.03428, 3.7; 81.03416, 6; 58.02949, 3; 70.02944, 2.1; 73.02906, 4.4; 127.03912, 3.3; 108.04484, 4.2; 103.03951, 3.6; 86.06064, 3.6; 99.04458, 2.4; 102.05546, 1.8; 109.02879, 2.6; 134.01265, 1.7: 100V 85.02896, 12.7; 53.03935, 26; 96.04488, 19.5; 57.03424, 15.8"
"Glutathione","pos","20V 179.04864, 100; 76.02226, 15.9; 162.02207, 31.4; 308.09116, 39.3; 233.05919, 32.3; 130.05005, 6.5; 245.05931, 4.3; 291.06459, 3.6: 35V 179.04863, 24; 76.02226, 100; 58.99579, 5.1; 84.04505, 23.9; 162.0221, 63.6; 233.05942, 11.3; 116.01687, 16; 144.01157, 20.7; 130.05008, 22.4; 142.03234, 7.6; 170.02732, 6.4: 50V 76.02226, 100; 58.99577, 12.8; 84.04504, 50.1; 162.02204, 12.9; 116.01682, 32.4; 144.01154, 11.4; 130.05005, 10.9; 142.03213, 12.5; 76.03994, 3.5: 100V 76.02228, 54.1; 58.9958, 100; 84.04506, 62.6; 56.05029, 17.7; 80.0501, 7.2"
"Glutathione disulfide","pos","20V 199.07141, 1.7; 257.07704, 1.4; 340.06351, 1.7; 550.12702, 1.3: 35V 185.03832, 2.9; 76.04, 2.9; 308.09144, 3.4; 247.02108, 2.2; 243.04368, 2.1; 298.05316, 2.5: 50V 83.06089, 3.1; 288.06564, 3.3; 265.03155, 3.7; 129.06619, 5.3; 189.01565, 3.3: 100V 68.05031, 11.5; 129.01199, 13.4; 131.02758, 13.3; 112.02202, 11; 98.00654, 8.3; 99.01429, 13; 116.0169, 9.8; 81.04547, 10.8; 113.01731, 9.7; 96.04494, 7.1; 86.99062, 7.1"
"Glycerophosphocholine","pos","20V 184.07363, 1.5: 35V 258.11027, 6.3; 86.09706, 5.5; 60.08159, 1.9; 125.00012, 7.7; 184.07356, 8: 50V 98.98479, 1.9; 71.07364, 1.9: 100V 59.07375, 2.6"
"Glycine betaine","pos","20V 118.06556, 15.9; 95.04975, 3.1; 53.03943, 1.7; 118.12303, 3.3; 72.08151, 1.4: 35V 58.06595, 5.7; 59.07377, 6.5; 118.06556, 16.5; 95.04975, 3.4; 53.03942, 1.7; 105.04527, 1.3; 118.12299, 3.3; 72.08154, 1.4: 50V 118.08661, 100; 58.06595, 11.3; 59.07376, 13; 118.06555, 14.3; 95.04976, 5; 53.03942, 3.3; 105.04525, 2.1; 118.123, 2.8; 72.08152, 1.8; 100.11262, 1.3: 100V 118.08665, 9; 58.06594, 100; 59.07376, 33.6; 95.04974, 11; 53.03943, 7.5; 105.04533, 4.9; 77.03932, 4.3; 51.02378, 4.3"
"Gonyol","pos","20V 57.03434, 6.6; 63.02716, 2.2; 99.04466, 8.7; 75.04482, 3.2; 71.04992, 2.1; 89.02401, 2.2; 87.04473, 1.7: 35V 63.02714, 3.2; 71.01353, 2.8; 75.04484, 7.6; 71.04994, 5.1; 89.02402, 5.3; 87.04478, 3.1: 50V 53.03944, 2.3; 61.02925, 2.3; 81.0342, 2: 100V 75.04485, 5; 61.01147, 7.6; 53.03942, 4.9; 79.95634, 3.8; 55.01867, 4.5; 136.02178, 2; 90.91664, 3.3; 121.96654, 2.9"
"Guanine","pos","20V 153.04092, 3.8; 135.0304, 1.1: 35V 128.04586, 1.1; 135.03049, 1.6: 50V 134.04645, 1.4; 109.05145, 2.5: 100V 154.02502, 2.5; 83.02468, 2.2; 68.01384, 2.4; 98.03543, 1.9; 92.02498, 1.5"
"Guanosine","pos","20V 284.09957, 1.9: 35V : 50V 153.04095, 6.1; 135.03038, 3: 100V 82.04073, 6.3; 80.0251, 5.8; 109.0513, 4; 93.00891, 2.9; 134.04636, 3.7; 154.02497, 2"
"Homarine","pos","20V : 35V : 50V : 100V 124.03961, 1.9"
"Homocysteine thiolactone","pos","20V 118.0866, 100; 58.06592, 5.7; 90.03779, 83.4; 56.05029, 20; 59.07374, 5.7; 118.06547, 27.6; 95.0497, 4; 100.02208, 7.4; 53.03939, 3.4; 118.03248, 11.7; 118.12298, 6.5; 73.01136, 3.9; 72.08155, 2.8; 101.0061, 2.5; 100.11257, 2.6: 35V 118.08659, 100; 58.06594, 6.5; 90.0378, 69.9; 56.05029, 15.6; 59.07375, 6.2; 118.06547, 28.6; 95.04968, 4.1; 100.02212, 5.5; 53.03938, 3.2; 118.0325, 8.7; 118.12299, 7.8; 73.01135, 3; 105.0452, 1.6; 72.08148, 2.4; 101.00608, 2; 100.11261, 1.9: 50V 118.08658, 100; 58.06593, 12.7; 90.03779, 61; 56.05028, 21.3; 59.07374, 13.1; 118.06547, 22.8; 95.04972, 6.9; 100.02208, 7.5; 53.03939, 6.2; 118.03242, 6.3; 118.12301, 6.5; 73.01138, 4.2; 105.04518, 2.9; 72.08147, 3.2; 101.0061, 2.8; 100.11254, 2.9: 100V 118.08657, 9.3; 58.06592, 100; 90.03779, 10.8; 56.05028, 38.4; 59.07374, 31.6; 95.0497, 12.7; 100.02203, 13.2; 53.03939, 13.2; 77.03922, 8.4; 73.01134, 7.3; 51.02376, 6.4; 105.0452, 5.4; 71.99099, 4.8; 72.0815, 2.4; 101.00597, 2.7; 59.96718, 1.9; 54.03466, 1.9"
"Hordenine","pos","20V 121.06512, 100; 166.12285, 63.3: 35V 121.06514, 100; 166.12287, 30; 93.07054, 1.2: 50V 121.06514, 100; 103.05474, 2.6; 91.0549, 2.1; 166.12289, 3; 93.0705, 7: 100V 121.06518, 39.4; 103.05478, 100; 91.05487, 87.9; 95.04976, 55.5; 93.07051, 39.9; 53.03943, 32.7; 77.03932, 24.8; 105.04526, 21.8; 81.0342, 4.8; 51.02378, 4.6; 102.04699, 3.9; 65.0394, 3.7; 55.01868, 3; 118.06556, 1.7; 94.04196, 1.5; 58.06598, 1.5"
"Hydroxyisoleucine","pos","20V 113.0602, 7: 35V 113.06023, 8.5: 50V 148.09718, 7.1; 130.08664, 5.7; 95.04973, 7.2: 100V 67.05502, 34.2"
"Hydroxyproline","pos","20V 90.05551, 53; 68.05022, 8.3; 132.06574, 25.1; 87.05587, 5.4: 35V 90.05552, 53.2; 68.05024, 4.1; 132.06575, 12.7; 87.05586, 5.7: 50V 90.05554, 52; 132.06573, 7.6; 87.05584, 5: 100V 58.06593, 18.8"
"Hypotaurine","pos","20V : 35V 69.0455, 4.5; 83.06107, 4.5: 50V 93.04537, 3.8: 100V 66.03465, 23.8"
"Hypoxanthine","pos","20V 137.04599, 100; 110.03538, 1.3: 35V 137.04598, 100; 110.03541, 1.3; 119.03554, 1: 50V 137.04598, 100; 110.03538, 6.8; 119.03562, 5.6; 94.0406, 4.3: 100V 137.046, 57.9; 110.03536, 100; 119.03561, 95.3; 55.02992, 52.4; 82.04068, 48.4; 94.04059, 44.9; 92.02495, 23.7; 67.02987, 21.4; 138.03001, 6.6; 83.02467, 5; 65.01422, 4.2; 112.05102, 2.5; 93.00902, 3; 120.01957, 2.2; 77.01416, 1.5"
"L-Alanine","pos","20V 72.08149, 100; 90.09193, 76; 70.06585, 6.1; 90.05556, 4.7: 35V 72.08151, 100; 90.09194, 80.1; 70.06584, 5.4; 90.05555, 6: 50V 72.0815, 100; 90.09194, 72.2; 70.06587, 5.3; 90.05556, 5.2: 100V 72.0815, 100; 90.09203, 8; 70.06582, 23.2; 56.05027, 5.6; 57.05814, 7"
"L-Arginine","pos","20V 175.1191, 100; 70.06586, 14; 116.07096, 26.1; 60.05642, 22.8; 158.09256, 12.6; 130.09774, 9.8; 112.08738, 2.3; 72.08145, 1.3; 157.10859, 2.9: 35V 175.11911, 100; 70.06587, 61.1; 116.07098, 63; 60.05643, 55.2; 158.09259, 23.3; 130.09775, 22.8; 112.08731, 6.8; 72.08152, 4.9; 157.1086, 4.6; 114.10288, 1.7; 115.08689, 2: 50V 175.11908, 6.6; 70.06587, 100; 116.07097, 28.9; 60.05643, 30.8; 158.09258, 5.4; 130.09774, 13.9; 112.08736, 5; 72.08152, 4.3: 100V 70.06587, 100; 60.05642, 7.2; 72.0815, 1.5; 71.04984, 2.5; 68.05022, 1.2"
"L-Arginosuccinic acid","pos","20V 159.07646, 1.2; 115.087, 1.4; 158.05613, 2; 291.04514, 1.3: 35V 72.08152, 3.7; 274.10359, 3.9; 159.0403, 3.4: 50V 116.03464, 2.1; 74.02442, 2.3; 71.04987, 2.3; 98.03552, 2.4; 112.05098, 1.8; 114.05535, 1.5: 100V 71.04987, 2.2; 68.05024, 1.7"
"L-Asparagine","pos","20V 133.08035, 74.5; 74.02437, 100; 87.05591, 81.3; 91.0589, 62.1; 90.05559, 36.9; 133.06097, 25.2; 133.07426, 19.7; 116.03464, 18.9; 88.0399, 17.5: 35V 133.0803, 74.4; 74.02436, 100; 87.0559, 87.9; 91.05892, 51.4; 90.05554, 30; 133.06096, 37.7; 133.07443, 13.2; 116.03458, 22.7; 88.03989, 21.3: 50V 133.08041, 16.2; 74.02436, 100; 87.05592, 37.9; 91.05888, 36; 90.05548, 16.6; 116.03458, 9.5; 88.03984, 9.3: 100V 74.02437, 100"
"L-Aspartic acid","pos","20V 74.0244, 100; 88.03994, 91.2; 88.02216, 22; 134.09662, 11.1; 116.0346, 14; 134.07163, 9.1; 134.04496, 12.1: 35V 74.02437, 100; 88.03993, 93.8; 88.02211, 26.9; 134.09665, 16; 116.0346, 12.5; 134.07151, 11.3; 134.0448, 15.7: 50V 74.02438, 100; 88.03994, 60.9; 88.02221, 25.2; 134.09666, 8.3; 116.03452, 5.1; 134.07154, 10.2: 100V 74.02442, 100; 88.03987, 30.3; 88.02221, 65.3"
"L-Cystathionine","pos","20V 200.04077, 26.8; 182.03006, 13.6; 218.05134, 3.9; 177.05504, 2.1; 223.05593, 3; 156.0509, 2.2: 35V 200.04066, 12.1; 154.03522, 5.6; 182.03018, 8.2; 177.02474, 4.8; 218.05149, 2; 172.04578, 1.4; 156.05088, 2.1; 227.28732, 2.6: 50V 200.04069, 3.2; 131.01922, 9.4; 154.03522, 13.7; 177.02477, 4.6; 149.02976, 2.1; 100.02494, 3.2: 100V 131.01928, 16.1; 149.02974, 5.3"
"L-Cystine","pos","20V 241.03129, 100; 120.01175, 19.7; 151.98359, 79.8; 122.02736, 18.8; 195.02592, 17; 240.91855, 13.5; 153.99904, 9.8; 177.99917, 4.1: 35V 241.03149, 7.1; 120.01172, 91.4; 74.00664, 8.1; 151.98363, 100; 74.02438, 38.2; 122.02733, 52.6; 240.91888, 11.3; 153.99938, 6.3: 50V 120.01172, 100; 74.00663, 39.5; 151.9835, 19.8; 74.02439, 77.3; 122.0274, 30.8: 100V 74.00662, 100; 74.0244, 39; 58.99576, 18.1; 73.02912, 8.4; 76.0223, 10.1"
"L-Glutamic acid","pos","20V 130.05014, 51.5; 102.05548, 43: 35V 84.04498, 100; 130.05016, 39.3; 102.05546, 40.2; 148.09684, 1.6: 50V 130.05024, 5.4; 56.05034, 2.5; 102.05545, 16.8: 100V 84.04505, 100; 56.05028, 52.5"
"L-Glutamine","pos","20V 102.05544, 2.3; 147.09195, 2.8; 147.12124, 2.2: 35V 102.0554, 3.6; 147.0916, 2.8; 147.12095, 2.1: 50V 56.05024, 1.6; 101.07146, 2.9; 147.09178, 1.5: 100V "
"L-Histidine","pos","20V 110.07169, 100; 83.06101, 1.8; 156.0769, 44.7; 95.06093, 5.8: 35V 110.07169, 100; 83.06104, 2.1; 156.0769, 30.6; 95.06093, 6: 50V 110.07169, 100; 83.06103, 7.4; 93.0453, 5.2; 156.07679, 4.8; 82.05322, 1.9; 95.06094, 8: 100V 110.0717, 45; 83.06103, 100; 93.04529, 58.7; 82.05321, 37.6; 56.05028, 33.3; 81.0454, 20.6; 95.06093, 8.3; 68.05021, 7.4; 54.03465, 2.7; 66.0346, 1.6; 69.04544, 1.7"
"L-Homocystine","pos","20V 88.02222, 2.4: 35V : 50V : 100V 73.01133, 3.9"
"L-Homoserine","pos","20V 74.06076, 100; 56.05029, 17.7; 120.06586, 14.8; 102.05548, 7.1; 74.02438, 2; 120.08112, 1.5: 35V 74.02436, 2.1: 50V 120.08113, 1.8: 100V 74.06076, 21.9; 56.05029, 100; 74.02436, 3.6"
"L-Isoleucine","pos","20V 58.06594, 1.3; 87.04466, 2.1: 35V 58.06597, 1.2; 87.04466, 3.4; 114.09152, 1.6: 50V 114.09167, 1.8: 100V 87.04463, 16.6; 53.00299, 8.9"
"L-Leucine","pos","20V : 35V : 50V 58.06589, 1.2: 100V 58.06592, 32.3; 53.00306, 18.9"
"L-Lysine","pos","20V 84.08142, 100; 130.08648, 66.9; 147.11289, 11.8: 35V 84.08145, 100; 130.08646, 58.6; 123.96478, 6.4: 50V 84.08143, 100; 130.08647, 12.2: 100V 84.08146, 100; 56.05031, 20.2; 64.92799, 10.3; 67.05502, 7.3"
"L-Methionine","pos","20V 104.0533, 100; 56.05028, 44.8; 61.01143, 12.3; 133.03194, 69.1; 102.05544, 22; 150.05847, 22.8; 87.02692, 4.2; 74.02432, 1.5; 74.06076, 4.3; 84.04503, 1.5: 35V 104.05331, 100; 56.05028, 50; 61.01144, 15.1; 133.03195, 69.3; 102.05544, 23.6; 150.05849, 18.6; 87.02691, 4.9; 74.02438, 2; 74.06075, 4.9; 84.0451, 1.5: 50V 104.0533, 60.6; 56.05027, 100; 61.01143, 56.5; 133.03194, 37.9; 102.05543, 23.9; 150.05852, 2.1; 87.0269, 15.6; 74.02436, 8.2; 74.06075, 8.1; 84.04498, 3.5; 85.029, 3.4; 105.03737, 1.9: 100V 56.05028, 60.8; 61.01144, 100; 87.02697, 4.1; 74.02436, 5.9; 58.99579, 1.7; 72.00356, 1.2"
"L-Methionine S-oxide","pos","20V 74.02436, 100; 56.05028, 17.3; 166.0534, 34.9; 75.027, 29.6; 149.02684, 21.6; 102.05544, 18.8; 74.0608, 1.5: 35V 74.02436, 100; 56.05029, 19.6; 166.05343, 16.8; 75.027, 24.6; 149.02686, 18.9; 102.05545, 21; 74.06076, 2.3: 50V 74.02436, 100; 56.05027, 32.7; 166.05354, 1.6; 75.027, 15.6; 149.02687, 11; 102.05544, 21.5; 65.00629, 1.7; 74.06074, 5.3; 84.04504, 2; 121.03217, 1.4: 100V 74.02437, 42.7; 56.05028, 100; 75.027, 6.9; 102.05545, 2.3; 65.0063, 4.8; 74.06074, 2.8; 58.06594, 3.7; 57.02171, 2.6; 84.04501, 3.1; 62.99067, 2.3; 75.03215, 2.3; 57.03431, 1.9; 85.02901, 1.8"
"L-Ornithine","pos","20V 133.09712, 4.8; 133.07639, 3.8: 35V 133.09721, 6: 50V 115.08694, 3.5; 133.07629, 3.2: 100V "
"L-Proline","pos","20V 116.10734, 1.1: 35V 118.08658, 100; 58.06593, 5.5; 116.07096, 23; 59.07374, 5.9; 118.06546, 18.2; 53.03941, 2.4; 95.04972, 2.5; 118.12292, 4.4; 72.0815, 2.9; 116.1073, 1.3: 50V 118.08658, 89.2; 58.06592, 10.6; 116.07096, 22.3; 59.07375, 10.9; 118.06547, 13.9; 53.03938, 3.4; 95.04974, 3.5; 118.12294, 3.1; 105.04518, 1.4; 72.08148, 3.2; 100.11263, 1.9: 100V 118.08658, 7.4; 58.06593, 72.4; 59.07374, 25; 53.03941, 6; 95.04971, 6.6; 51.02376, 3.5; 105.0452, 3; 77.03928, 3.1; 68.05021, 1.5"
"L-Serine","pos","20V : 35V : 50V 60.04519, 100; 88.03995, 18.3; 106.08674, 11.7; 88.07627, 10.8; 106.0504, 6.8; 70.06587, 7.7: 100V 60.04519, 100; 70.06589, 5.7"
"L-Threonine","pos","20V 74.06076, 100; 56.05029, 39.4; 102.05546, 28.8; 120.06589, 11.8; 120.08111, 8.1; 84.045, 3.5: 35V : 50V : 100V "
"L-Tyrosine","pos","20V 139.12288, 2.4: 35V 182.19049, 1.3: 50V 121.06508, 1.4; 103.05462, 1.6: 100V 136.07588, 1.3; 118.06547, 1.5; 67.05492, 1.2; 79.05489, 1.3; 77.03928, 1.2"
"L-Valine","pos","20V 55.05503, 3; 53.03943, 1.5; 105.04519, 1.4: 35V 72.08148, 3.6; 55.05503, 2.3; 53.03944, 1.9; 105.04527, 1.2: 50V 55.05503, 1.8; 95.04974, 2.4; 53.03941, 1.9; 105.04531, 2; 118.12301, 1.7; 100.11264, 1.3: 100V 72.08151, 3.7; 55.05504, 11.7; 57.05811, 2.9"
"Melamine","pos","20V 127.07297, 100; 85.05156, 11.1: 35V 127.07298, 100; 85.05157, 10.4: 50V 127.07299, 100; 85.05157, 31.8; 68.02512, 1.5; 60.05646, 1.6: 100V 127.07301, 13.7; 85.05156, 100; 68.02512, 54.6; 60.05646, 6.5; 110.04669, 2"
"Muramic acid","pos","20V 72.04507, 2.3; 96.04492, 2.7; 217.60394, 17.9; 217.58633, 8.9; 217.59947, 13.9; 194.08491, 1.7; 217.61552, 2.4; 251.99143, 2.2; 252.04822, 1.7: 35V 56.05028, 3.5; 69.03421, 3.1; 227.31359, 3.4; 60.04519, 2; 86.06059, 2.8; 186.07656, 4.8; 170.08131, 2.7; 108.04478, 2.8; 99.04469, 3.4; 116.07097, 2; 109.02866, 2.3; 194.08444, 2.9; 198.07561, 2.5; 124.07604, 2.2; 188.09198, 2: 50V 55.0187, 3.8; 73.02908, 5; 227.33435, 6.3; 227.30469, 5.2; 86.06065, 9.1; 186.07636, 3.8; 99.04452, 4.4; 127.03946, 3.3; 56.02321, 2.7: 100V 96.04491, 38.5; 227.33995, 37.6; 227.30691, 35.6; 227.34666, 27; 58.0659, 23.1; 55.05504, 23.8; 104.10754, 16.6; 60.0817, 17"
"N6,N6,N6-Trimethyl-L-lysine","pos","20V 189.16003, 100; 130.08658, 59.2; 84.08149, 19.4; 60.08162, 26.1: 35V 189.16003, 58.4; 130.08658, 100; 84.0815, 80.7; 60.08162, 41.2; 144.13853, 3.6: 50V 189.16011, 3; 130.08659, 25.1; 84.0815, 100; 60.08162, 16.6; 67.05505, 1.7; 144.13857, 3.5: 100V 84.08148, 100; 60.08161, 13.5; 56.05033, 18.8; 67.05503, 18.1; 58.06597, 3.2; 85.06547, 1.7; 69.0581, 1.7; 55.05508, 1.8; 57.07071, 1.6; 74.02438, 1.5"
"N6-Acetyl-L-lysine","pos","20V 126.09157, 100; 84.0814, 12.2; 189.12348, 35.1; 143.11803, 12.8; 130.08646, 1.8: 35V 126.09159, 100; 84.08144, 36.8; 189.12357, 7.8; 143.11809, 4.7; 130.08649, 3.6: 50V 126.09157, 43; 84.0814, 100; 130.08647, 5: 100V 84.08141, 100; 56.05029, 11.1; 67.05498, 2.6"
"N6-Methyladenine","pos","20V : 35V : 50V : 100V 52.01905, 1.3; 54.0221, 1.2; 66.02204, 1.1"
"N-Acetyl-D-glucosamine","pos","20V 204.08696, 74.5; 138.05519, 43; 126.05537, 39; 186.07641, 24.2; 168.06596, 25.5; 222.1128, 16.2: 35V 138.05518, 100; 126.05536, 62; 84.04515, 23.3; 144.06582, 23.5: 50V 138.05531, 40.9; 126.05529, 21.5; 84.04511, 83.7: 100V 96.04497, 23.3"
"N-Acetylmuramic acid","pos","20V 234.07735, 3.5: 35V 138.05519, 100; 96.04505, 2; 186.07651, 5.4; 168.06587, 11.9; 126.05532, 31.7; 84.04511, 8.2; 144.06579, 23; 97.02908, 1.5; 98.06061, 5.7; 109.029, 2.2: 50V 69.03432, 1.9; 127.03926, 2.1: 100V 138.05534, 9; 96.04502, 100; 84.0451, 30.8; 69.03429, 16.4; 56.05036, 11.4; 68.05029, 9.7; 80.05022, 8.3; 81.03428, 12.5; 97.02902, 9.3; 98.06063, 5.4; 53.03945, 10.5; 55.0187, 7.5; 70.06591, 8.1"
"N-Methyltaurine","pos","20V 122.04337, 22.9; 140.05357, 53.9; 96.06435, 3.9; 122.03735, 2.2; 140.04766, 6.8: 35V 140.03782, 100; 58.06598, 19.7; 140.05356, 27.5; 96.99602, 3.5; 122.02741, 3.8: 50V 94.04873, 16.4; 93.04541, 4.1; 96.06437, 18.1; 94.04255, 2.2; 122.03733, 10; 140.04765, 8; 56.05032, 2.4; 69.0537, 1.5; 95.06102, 3.9; 98.04359, 1.9; 96.0582, 2.3: 100V 122.04331, 21.5; 67.03799, 23.7; 93.04539, 20.2; 96.06432, 10.8; 66.03464, 14.4; 96.99601, 2.5; 94.04276, 12.5; 122.03749, 2.4; 69.05362, 6.6; 95.061, 2.4; 68.05025, 3.9; 98.04356, 2.3; 96.05824, 1.6; 67.03163, 1.8; 95.05661, 1.8; 69.04543, 1.3"
"O-Acetylcarnitine","pos","20V 204.12318, 100; 85.02903, 35.2; 145.04964, 17.2; 60.08155, 10.5; 144.10198, 1.6: 35V 204.1232, 35.8; 85.02902, 100; 145.04964, 17.3; 60.08156, 16.9; 144.10202, 3.6: 50V 204.12328, 2.1; 85.02903, 100; 145.04969, 2.2; 60.08157, 8.7; 144.10206, 3: 100V 85.02904, 100; 60.08155, 7.9; 57.03429, 10.6; 84.0814, 7.7; 58.06592, 4.1"
"O-Acetyl-L-serine","pos","20V 148.08704, 100; 88.03991, 75.5; 60.04522, 18; 106.05028, 52.4; 148.11199, 41.7: 35V 148.08711, 90.1; 88.03995, 68.3; 60.04518, 30.4; 106.05033, 64.3; 148.11223, 41.2: 50V 148.08702, 100; 88.03985, 62.8; 60.04517, 49.6; 106.05032, 40.4; 148.1121, 43.5: 100V 60.04515, 100"
"O-Methylmalonyl-L-carnitine","pos","20V : 35V : 50V 73.0292, 1.2: 100V 103.03958, 1.7"
"Ophthalmic acid","pos","20V 161.09221, 100; 58.06594, 36.3; 215.10284, 47.7; 290.13471, 38.9; 130.05007, 2.8; 273.10817, 5; 227.10269, 4.5; 290.26908, 2.3; 197.09248, 2.2; 272.12426, 1.4: 35V 161.09221, 18.5; 58.06593, 100; 84.04505, 8.5; 215.10292, 6.8; 130.0501, 6.1; 273.10822, 2.9; 227.10268, 3.5; 124.07595, 1.3; 170.08136, 2.7; 169.09741, 1.9; 290.26921, 1.1; 197.09226, 2.2: 50V 161.0924, 1.3; 58.06593, 100; 84.04505, 26.5; 130.05013, 4.7; 124.07597, 4.4; 170.08139, 3.4; 169.09733, 3; 142.05022, 2; 123.0919, 1.5: 100V 58.06593, 100; 84.04504, 47.4; 56.0503, 17.7; 96.0813, 4.7; 68.05022, 3.6; 53.00304, 1.2"
"O-Propionylcarnitine","pos","20V 144.10205, 1.2: 35V 218.21174, 1.2: 50V 218.13914, 1.1; 159.06541, 1.6; 57.03432, 1.7: 100V "
"Proline betaine","pos","20V 58.06592, 1.2; 84.08144, 1.5: 35V 58.06593, 1.2; 84.08142, 1.7: 50V 102.05542, 1.2: 100V 71.04988, 1.8; 82.0658, 1.3; 74.06074, 1.1"
"Riboflavin-5-phosphate","pos","20V 439.1019, 100; 359.13539, 27.7; 243.0881, 5.1; 457.11257, 78.8; 81.03421, 1.8; 341.12517, 2; 396.09572, 2.5; 117.05502, 1.7; 421.09071, 2.6; 377.14621, 2.1; 414.10637, 8.9; 440.08655, 1.7: 35V 439.10199, 37.2; 359.13541, 100; 243.08806, 98.4; 98.98477, 10.7; 172.08714, 2.7; 81.03423, 33.9; 216.07737, 3.1; 341.12483, 32.2; 69.03431, 9.2; 396.09588, 24.9; 99.04466, 21.5; 117.0551, 21.5; 421.09115, 20.8; 53.03943, 1.9; 377.14605, 15.9; 71.04994, 6.9; 57.03436, 4.7; 414.1066, 11.3; 397.07982, 8.3; 316.12956, 8.3; 323.11472, 8; 73.02917, 3.1; 297.09876, 5.2; 219.07678, 4.7; 59.04997, 3.1; 218.0927, 5.2; 252.11369, 2.2; 244.07214, 3.8; 285.09858, 4.8; 334.09568, 3.2; 415.09027, 2.8; 298.11859, 3; 403.08104, 2.7; 254.12922, 2.3; 334.14023, 2.2; 352.10606, 1.6; 307.0848, 1.5; 351.07363, 1.3: 50V 359.13541, 9; 243.08809, 100; 98.98479, 31.6; 172.08717, 52.2; 81.03423, 52.6; 216.07714, 46.8; 341.12495, 8.9; 69.0343, 28.2; 99.04467, 19.4; 117.05513, 7.9; 53.03941, 6.5; 157.07627, 1.8; 71.04994, 14.1; 159.09196, 13.1; 57.03435, 13.5; 198.06672, 6; 214.09788, 11.6; 200.08228, 10.5; 224.11842, 7.2; 173.07122, 10.4; 316.12995, 4.2; 229.08488, 6.9; 175.08697, 7.5; 73.0292, 7.7; 297.0987, 3.1; 198.10319, 6.1; 147.09192, 5.9; 219.07701, 5.9; 59.05002, 5.8; 218.0929, 5.4; 184.08739, 6; 252.1135, 5.7; 244.07211, 5.7; 199.12346, 4.4; 171.09199, 2.2; 285.09873, 2.9; 209.10775, 4.5; 190.09787, 4.7; 334.09524, 3.8; 210.10317, 4; 197.10775, 3.6; 226.09783, 3.9; 298.11932, 2.2; 228.11358, 3.2; 55.01876, 2; 185.1075, 2.8; 186.10289, 2.9; 191.08198, 2.3; 174.10304, 2.6; 272.10365, 2.3; 173.10778, 2; 227.11809, 2.1: 100V 98.9848, 100; 103.05483, 97.4; 172.0872, 23; 81.03424, 14.5; 145.07634, 51.8; 216.07691, 3.7; 118.0656, 41; 170.07157, 35.9; 91.0549, 36.7; 130.06549, 33.3; 116.04995, 29; 69.03432, 20.9; 53.03947, 19.7; 157.06407, 18; 104.05006, 15.3; 157.07617, 16.9; 159.09197, 9.3; 57.03432, 4.9; 198.06653, 9.8; 156.05585, 10.2; 95.04974, 11.4; 117.05774, 9.8; 128.04988, 7.7; 143.06067, 6.8; 155.06059, 7.8; 134.06029, 7.2; 105.04524, 5.7; 198.1029, 3.9; 147.09195, 4.3; 169.07621, 5.9; 182.07175, 5.3; 184.08729, 4.9; 132.08105, 5.7; 131.06066, 4.5; 196.08747, 4.7; 156.06815, 4.7; 171.07917, 4.4"
"Sarcosine","pos","20V 72.08156, 100; 90.09202, 71.5; 90.05563, 24.7; 70.06591, 5: 35V 72.08155, 100; 90.09201, 70.4; 90.05563, 23.9; 70.06593, 6.7: 50V 72.08156, 100; 90.09202, 77; 90.05562, 26.9; 70.06594, 5.5: 100V 72.08158, 100; 90.09198, 9.7; 70.06594, 25.1; 57.05818, 4.9; 56.05032, 4.8"
"Succinylglycine","pos","20V 159.07658, 100; 112.03973, 57; 70.06584, 10.4; 113.07127, 18.3; 84.04494, 8.2; 101.02382, 28.6; 158.04493, 44.6; 76.04003, 30.6; 140.03442, 22; 130.05012, 13.1; 115.08694, 11.4; 100.03977, 3.6; 176.10293, 6.3; 176.11835, 3.6: 35V 159.07658, 93.1; 112.03975, 95; 70.06585, 32.4; 113.07132, 45.4; 84.04504, 19.9; 101.02384, 43.1; 158.04495, 28.2; 76.04, 33.6; 140.03427, 16; 130.05016, 18.3; 115.08695, 17.2; 114.05538, 6.9; 100.03984, 6.3; 176.11822, 5.1: 50V 159.0766, 20.4; 112.03973, 88.8; 70.06586, 100; 113.07134, 77.9; 84.04504, 68.2; 101.02382, 48.9; 76.03997, 20.2; 55.01865, 10.8; 73.02912, 17.6; 130.05004, 16; 115.08694, 9.2; 114.0554, 13.3; 116.07097, 7.7: 100V 70.06587, 100; 84.04504, 12.1; 55.01868, 23.2; 73.02914, 16.6"
"Thiamine monophosphate","pos","20V 122.07156, 100; 224.01419, 24.9; 345.07823, 19.4: 35V 122.07156, 100; 81.0454, 4.2; 126.03747, 18; 224.01423, 11.7: 50V 122.07156, 100; 81.0454, 17.1; 126.03745, 31.5; 224.01429, 1.3: 100V 122.07156, 22.3; 81.04538, 100; 65.03935, 33.3; 54.03464, 30; 126.03747, 29.2; 99.02678, 18.6; 58.99581, 12.8; 80.05015, 12.7; 85.01124, 6.2; 98.00641, 6.1; 97.0112, 4.5; 55.05502, 3.9; 68.05022, 4.6; 52.01899, 3.6"
"Trigonelline","pos","20V 94.06567, 1.9; 138.0916, 100; 96.04503, 39.3; 110.06044, 2.6; 69.03433, 11.6; 138.10256, 13.5; 82.06582, 4.6; 138.04951, 8.6; 97.02908, 3.2; 138.06618, 3.6: 35V 94.06565, 1.8; 138.09161, 100; 96.04502, 38.3; 110.06055, 2.9; 69.03427, 11; 138.1023, 11.9; 82.06582, 4.9; 138.04949, 7.2; 97.029, 3.3: 50V 94.06565, 9.3; 138.0916, 100; 96.04502, 67.8; 92.05004, 3.8; 68.05033, 3; 69.03428, 17; 138.1027, 9.4; 82.06582, 7.6; 138.04939, 8.5; 97.02907, 2.7; 138.06578, 2.7; 138.0435, 2.5: 100V 138.05509, 31.7; 138.09163, 44.3; 110.06045, 63.1; 92.05005, 48; 65.03937, 33.2; 68.05028, 30.6; 95.07364, 31; 69.03431, 17.9; 78.03454, 15.5; 79.04231, 13.3; 108.08132, 10.7; 53.03942, 8.5; 125.0474, 3.7; 51.02376, 2.7; 66.04718, 1.6; 154.05, 1.9; 66.03462, 1.9"
"Trimethylamine","pos","20V 59.06929, 1.1: 35V : 50V 59.06929, 1.1: 100V 59.06929, 1.7"
"Trimethylamine N-oxide","pos","20V : 35V : 50V : 100V 76.0764, 4.8"
"Turicine","pos","20V 160.09702, 100: 35V 160.09702, 100; 88.07633, 1.4: 50V 160.09702, 100; 58.06595, 1.6; 88.07636, 13; 102.05551, 1.5: 100V 160.09706, 16; 58.06596, 100; 88.07635, 64.2; 70.06591, 11.5; 102.05552, 8.7; 82.06585, 8.5; 100.07627, 6.7; 73.05296, 3.9; 56.0503, 3.5; 86.06072, 3.1; 74.06078, 1.6; 55.04248, 2; 71.0737, 1.7; 73.02915, 1.5; 55.0187, 1.5"
"O-Succinylhomoserine","pos","20V 74.0244, 1.5; 184.06063, 3.3: 35V 220.08171, 2.8; 84.04501, 4.1; 202.07134, 1.2; 184.06069, 2.9; 126.05524, 1.4: 50V 85.02906, 3.2; 138.05513, 3.4; 126.05521, 3.3: 100V 102.05543, 4.2; 101.02384, 3.1; 84.04504, 3.6"
"Taurocyamine","pos","20V 108.01183, 2; 168.06922, 1.4: 35V 112.0397, 1.3; 122.02412, 1.3; 168.06904, 1.5: 50V 122.02403, 2.1; 108.99586, 1.2; 86.07191, 1.7: 100V 126.02206, 2.7; 53.00301, 3.8; 95.01328, 3.2; 84.04501, 2.5; 108.9959, 1.4"
"Urea","pos","20V 61.04042, 100; 61.06154, 11.2; 61.06788, 8.5; 61.0485, 3.7: 35V 61.04043, 100; 61.06155, 11.8; 61.06788, 7.5; 61.04852, 3.2: 50V 61.04042, 100; 61.06155, 12.3; 61.06788, 8.1; 61.04854, 3: 100V 61.04042, 100; 61.06153, 12.5; 61.06784, 10.9"
"Phosphocholine","pos","20V 60.08158, 3: 35V 104.10746, 1.5: 50V : 100V 70.06586, 1.8; 116.99519, 1.9; 59.07378, 1.3"
"Choline sulfate","pos","20V 184.06394, 100; 104.10745, 38.2; 86.09702, 1.2: 35V 184.06394, 84.1; 104.10744, 100; 86.09702, 3.9: 50V 184.06398, 11.4; 104.10744, 100; 60.08156, 3.7; 86.09705, 4: 100V 104.10746, 65.9; 60.08156, 100; 58.06592, 25.1; 71.07368, 8.6; 59.07372, 4.8; 86.09702, 4.8; 56.05028, 2.3"
"Pipecolic acid","pos","20V 74.09715, 1.1: 35V 74.0971, 1.1: 50V 56.05029, 1.2; 74.09708, 1.2: 100V 55.05503, 2.6; 67.05497, 2.3"
"S-Adenosylhomocysteine","pos","20V 136.0619, 100; 88.02212, 1.8; 134.02719, 78.9; 250.07444, 38.3; 385.12882, 26.2; 232.06396, 3.4; 99.04454, 1.4: 35V 136.0619, 98; 88.02214, 20.8; 134.02719, 95.1; 250.07443, 1.8; 97.02896, 3; 99.04456, 1.4: 50V 97.02897, 3.3: 100V 136.06189, 16.3; 88.02215, 100; 119.03556, 11.4; 137.04589, 11.7; 61.01144, 6; 92.02488, 2.8; 56.05026, 1.5; 109.05132, 1.2"
"S-Adenosylmethionine","pos","20V 145.03199, 1.5; 163.04251, 1.7: 35V 298.09702, 4.3; 61.0113, 2.7; 145.03196, 4.5: 50V 69.03423, 5.4; 61.01147, 4: 100V 61.01138, 20.2; 74.02435, 15.9"
"2-Hydroxy-4-(methylthio)butyric acid","neg","20V 149.02705, 100; 101.02329, 78.1; 57.03337, 18.7: 35V : 50V 101.0233, 100; 57.03336, 52.6: 100V "
"3-Sulfopyruvic acid","neg","20V 94.97972, 100; 79.95622, 22.4; 166.96494, 4.7; 167.05753, 3.8: 35V 94.97972, 100; 79.9562, 34.4; 166.96499, 2.2; 167.05746, 3.5: 50V 94.97972, 94.2; 79.95621, 100; 80.95562, 1.7: 100V 94.97972, 3.7; 79.95621, 100; 80.95562, 1.1"
"N-Acetyl-L-glutamic acid","neg","20V 58.02863, 8.8; 84.04435, 1.9; 126.05507, 6.8; 146.04493, 6.4; 100.03934, 3.9: 35V 58.02864, 11.7; 188.05593, 6.9; 170.04523, 7.6; 84.04432, 2.5; 126.05505, 7.9; 146.04505, 7.8; 100.03931, 4.2: 50V 144.0657, 6.1; 74.02359, 1.9; 84.04436, 3.9; 126.05513, 4.1; 146.04495, 4.6; 100.03932, 2.8; 98.06008, 2.2: 100V 128.03432, 8.5; 84.04424, 8.3; 52.01809, 6.3"
"Acetylglycine","neg","20V 74.02357, 100; 72.04432, 11.5; 116.03425, 4.4: 35V 74.02358, 100; 72.04431, 11.8; 116.03433, 4.9: 50V 74.02357, 100; 72.04431, 10.6; 116.0343, 2.8: 100V 74.02358, 100"
"cis-Aconitic acid","neg","20V 129.01833, 14.5; 111.00766, 8: 35V 129.01831, 8.7; 111.00768, 7.4: 50V 76.96886, 1.1; 129.01832, 2.6; 111.00772, 8.1: 100V 67.02903, 2.7; 65.01334, 6.9; 172.95722, 7.5; 75.96106, 2.7"
"Adenosine diphosphate","neg","20V : 35V : 50V "
"Allopurinol","neg","20V 108.03242, 1.3; 97.03964, 1.3; 79.029, 1.2: 35V 107.02401, 6.5; 107.03533, 1.4: 50V 65.99738, 1.2; 79.02904, 1.5: 100V 92.0243, 100; 64.01808, 89.4; 135.03035, 1.8; 65.01333, 44.1; 65.99735, 20.1; 135.04979, 2.1; 107.0351, 1.4; 108.03224, 1.8; 93.0085, 1.8; 79.02893, 1.6"
"Amino Propanesulfonic Acid","neg","20V 79.9562, 100; 138.02232, 82.8; 111.93643, 6.5; 80.96404, 6.6; 108.02062, 2.4; 137.9397, 2.5: 35V 79.9562, 100; 138.02221, 82; 111.9364, 6; 80.96402, 7.3; 108.02064, 2.3; 137.93957, 2.4: 50V 79.95621, 100; 138.0223, 30.7; 111.93643, 5.6; 80.96403, 5.2; 108.02062, 2.2: 100V 79.9562, 100; 80.96403, 1.2"
"Adenosine monophosphate","neg","20V 134.04618, 2.5; 211.00111, 2.7; 150.9794, 2.1: 35V 78.9579, 100; 96.96851, 28.8; 134.04628, 6.4; 150.97946, 2: 50V : 100V 96.96852, 1.8; 134.04627, 2.9; 92.02431, 1.7"
"Butyrylglycine","neg","20V 74.02357, 100; 100.07565, 7.4; 144.06572, 5.1: 35V 74.02357, 100; 100.07569, 7.1; 144.06568, 4.8: 50V 74.02357, 100; 100.07573, 5.6; 84.04427, 1.8; 72.04428, 1.6: 100V 74.02357, 100"
"3',5'-Cyclic AMP","neg","20V 96.96851, 1.7; 192.99024, 1.5: 35V 328.04565, 5.6; 134.04627, 100; 78.9579, 28.3; 96.96853, 2.1: 50V 107.03525, 4.3; 96.96855, 2.8; 134.98427, 1.7: 100V 68.02422, 1.2"
"3',5'-Cyclic GMP","neg","20V 78.9579, 18.4: 35V 78.95791, 43.8; 107.03523, 1.6; 80.97351, 1.6; 192.99017, 1.2: 50V 62.96295, 1.2; 134.98438, 1.8: 100V 78.95791, 100; 107.03526, 2; 65.99735, 3; 90.00865, 2.4"
"Citric acid","neg","20V 87.00764, 36.8; 99.00766, 1.6; 101.02328, 1.9: 35V 57.03337, 4.9; 87.00763, 54.8; 191.0192, 2.6; 99.00765, 3.2; 101.02329, 3; 103.03898, 1.4: 50V 87.00766, 83.6; 67.01772, 3.2; 173.00845, 1.1; 101.02328, 5.4; 103.03901, 1.9: 100V 111.00767, 23.7; 87.00764, 81.8; 65.01333, 4.7"
"3',5'-Cyclic diGMP","neg","20V : 35V 133.01458, 4.7; 174.97947, 4.9; 158.92452, 5.1: 50V 174.97939, 1.7; 62.96304, 1.4; 211.00098, 1.6; 107.03517, 2.5: 100V 78.00858, 1.5; 126.02986, 1.2"
"L-Cysteic acid","neg","20V 80.96405, 52.3; 71.0127, 22.6; 168.05711, 1.6: 35V 80.96403, 58.4; 71.01267, 29.9; 168.05724, 1.5: 50V 80.96403, 94.8; 71.01267, 49.7; 153.00607, 1.4: 100V 80.96403, 65.5"
"L-Cysteinesulfinic acid","neg","20V : 35V 152.00154, 1.3: 50V 152.03452, 1.3; 122.03638, 1.4; 71.01266, 1.2: 100V "
"Dihydroxyacetone phosphate","neg","20V : 35V : 50V : 100V "
"(R)-2,3-Dihydroxypropane-1-sulfonate","neg","20V 79.95622, 10.7; 136.99053, 4.7: 35V 80.96408, 1.5; 78.98478, 1.3: 50V 80.96404, 3.1; 78.9848, 1.6: 100V 80.96405, 3.3; 76.96892, 1.1"
"Ethanesulfonic acid","neg","20V 79.95622, 100; 108.99542, 75.6; 80.96407, 4.1: 35V 79.95622, 100; 108.99542, 76.2; 80.96406, 4: 50V 79.95622, 100; 108.99544, 57.1; 80.96404, 3.7: 100V 79.95622, 100; 108.99544, 2.1; 80.96406, 1.1"
"Ethyl dihydroxybenzoate","neg","20V : 35V : 50V 65.00211, 1.4: 100V "
"Flavin adenine dinucleotide","neg","20V 437.08712, 100; 96.96852, 86.2; 78.95789, 30.9; 346.05626, 77.6; 180.99018, 47.8; 784.1503, 13.8; 408.01173, 6.1: 35V 96.96851, 100; 78.9579, 91.8; 346.05614, 2.1; 180.99016, 5.4; 195.00592, 1.7; 134.04621, 2.3; 158.9245, 2.6; 162.97943, 2.1; 241.07295, 1.2: 50V 96.9685, 58.4; 78.95789, 100; 134.04629, 5.3; 158.92457, 4; 162.97956, 1.6: 100V 96.96852, 2.3; 78.9579, 100; 62.96296, 1.5; 107.03521, 1.3"
"D-Fructose 6-phosphate","neg","20V 217.45896, 2.8; 101.02337, 1.4: 35V 241.01206, 1.6; 101.02333, 1.2: 50V 138.97937, 1.4; 71.0127, 1.8: 100V 96.96849, 5; 62.96293, 1.2"
"Fumaric acid","neg","20V 115.02922, 16.2; 115.0389, 6.4; 59.01267, 6.4: 35V 115.02909, 11.1; 115.03903, 10.2; 59.01268, 7.5; 115.00259, 8.6: 50V 97.93015, 14.3; 73.03957, 10.3; 74.99268, 12.1: 100V "
"D-Gluconic acid","neg","20V : 35V 177.03998, 1.5; 159.02918, 1.6; 194.90555, 1.1; 101.02332, 2.1: 50V 195.05063, 1.6; 101.02335, 1.3: 100V 75.0076, 100; 59.01264, 43.5; 72.99195, 16.8; 71.01268, 17.6; 76.96888, 8.4; 57.0334, 3.7; 177.90252, 4.9; 99.92472, 3.5; 55.01774, 4.4; 176.92864, 2.8; 94.97948, 3; 116.92752, 2.6; 84.0205, 2.1; 153.93874, 1.8; 58.0048, 1.5"
"D-Glucose 1-phosphate","neg","20V 217.45896, 2.8; 101.02337, 1.4: 35V 241.01206, 1.6; 101.02333, 1.2: 50V 138.97937, 1.4; 71.0127, 1.8: 100V 96.96849, 5; 62.96293, 1.2"
"D-Glucose 6-phosphate","neg","20V 259.02287, 2.8; 241.0118, 9.3; 199.00086, 1.7; 168.99018, 2.3; 101.02335, 1.2: 35V : 50V 138.97932, 1.5: 100V 96.96849, 4.9"
"Glycerophosphoric acid","neg","20V 144.0559, 1.1; 170.99651, 1.1: 35V 171.06699, 1.3; 65.0133, 1.5: 50V 65.01332, 1.5: 100V 96.96848, 1.1"
"Guanosine monophosphate","neg","20V 215.85083, 10.7: 35V : 50V : 100V 62.96294, 1.5"
"Urocanic acid","neg","20V 66.03371, 3.2; 93.0335, 1.9; 137.03474, 6.7: 35V 66.03372, 3.3; 137.03472, 6.1: 50V 93.04468, 100; 66.03373, 6.6: 100V 93.04471, 100; 66.03374, 52.5; 65.01333, 10.9; 93.03348, 8.1; 67.02899, 5.3"
"Inosine","neg","20V 135.0303, 100; 267.07379, 70.3: 35V 135.03029, 100; 267.07378, 5.8: 50V 135.03029, 100; 92.02432, 8; 108.01926, 3.2; 126.02992, 1.9: 100V 135.0303, 59; 92.02431, 100; 108.01926, 74.9; 126.02992, 49.9; 65.99736, 30.8; 65.01334, 26.7; 134.02241, 2.9; 80.02427, 3; 64.00554, 1.8; 71.02391, 1.9; 82.0399, 2; 66.00858, 2.1"
"Isethionic acid","neg","20V 106.97977, 11.6; 122.97474, 2.2: 35V 106.97978, 12.4; 122.97479, 2.1: 50V 122.97477, 2.5: 100V 94.97975, 4.8; 106.97984, 2.1"
"Isocitric acid","neg","20V 99.00766, 1.6; 101.02328, 1.9: 35V 57.03337, 1.3; 191.0192, 2.6; 99.00765, 3.2; 101.02329, 3; 103.03898, 1.4: 50V 173.00845, 1.1; 101.02328, 5.4; 103.03901, 1.9: 100V 67.01774, 16.2; 65.01332, 4.7"
"2-keto-4-methylthiobutyric acid","neg","20V 99.00768, 100; 61.98716, 51.2; 147.06673, 7.3; 147.01899, 10: 35V 99.00766, 98.1; 61.98716, 39.8: 50V 99.00766, 65; 61.98714, 100: 100V 61.98716, 100"
"2-Ketoglutaric acid","neg","20V 100.92491, 10.3; 73.02838, 11.8: 35V 100.92486, 21.9; 57.03342, 24.9: 50V 64.01808, 25.9; 65.01332, 19.4; 101.02327, 22.7; 100.9248, 28.1; 77.01336, 28.4: 100V 65.01337, 72.6"
"Lipoic acid","neg","20V 205.15944, 94.5; 64.95131, 92.1; 63.94348, 24.1; 171.04781, 57.2; 93.06984, 39.4; 127.05769, 31.5; 56.99456, 3; 139.07558, 4.5: 35V 205.15947, 95.9; 64.95131, 100; 63.94348, 34; 171.04781, 18.1; 93.06983, 34.2; 127.05771, 23.9; 56.99459, 4.7; 58.99486, 3.6: 50V 205.15943, 93.4; 64.95131, 98.3; 63.94348, 39.7; 93.06986, 8; 127.05766, 10.9; 56.9946, 4.8; 58.99487, 3.8; 189.12772, 2.3; 59.01264, 3: 100V 64.95132, 100; 63.9435, 82.2; 59.98411, 6.3; 63.9613, 3.6; 58.99491, 2.1"
"5-Oxoproline","neg","20V 128.03435, 100; 82.02866, 4.2; 84.04431, 1.6: 35V 82.02867, 4.3: 50V 82.02865, 7.1: 100V "
"Malic acid","neg","20V 115.0026, 100; 71.01266, 74.1; 72.99194, 16.2; 133.01329, 21.3; 89.02329, 10; 87.00763, 1.9: 35V 115.00262, 100; 71.01266, 74.5; 72.99194, 15.3; 133.0133, 20.9; 89.02327, 9.9; 87.00766, 1.5: 50V 115.00262, 70.3; 71.01266, 100; 72.99195, 23.5; 133.01333, 8.1; 89.0233, 8.6; 59.01264, 2: 100V 71.01265, 100; 72.99192, 50.8"
"Sodium 2-mercaptoethanesulfonate","neg","20V 140.96769, 11.1: 35V : 50V 79.95626, 1.6; 140.96766, 3: 100V "
"Methylphosphonic acid","neg","20V : 35V : 50V : 100V "
"N-Acetyltaurine","neg","20V 166.01729, 100; 79.95623, 46.7; 166.05362, 50.9; 106.97979, 15.8; 80.96406, 8.5; 102.05498, 5.2; 124.00642, 5.6; 100.03932, 1.8: 35V 166.01734, 98.3; 79.95623, 99.8; 166.05369, 52.9; 106.97981, 29; 80.96407, 16.7; 102.055, 10.2; 124.00645, 9.9; 100.03936, 4; 58.02862, 1.8: 50V 166.01729, 19.8; 79.95622, 100; 166.05365, 10.6; 106.97978, 18.2; 80.96405, 11.2; 102.05498, 4.8; 124.00642, 5.9; 100.03935, 3.9; 58.02864, 1.7: 100V 79.95623, 100; 106.9798, 2.8; 80.96405, 4.1"
"NAD","neg","20V 78.95781, 11.6: 35V 227.19295, 5.3; 174.97946, 4.6: 50V : 100V 134.04639, 1.8; 62.96295, 2.5"
"NADH","neg","20V 664.11923, 100; 78.95793, 30.8; 397.02154, 23.6: 35V 78.9579, 100; 397.02138, 2.8; 96.96853, 29.4; 158.92472, 10.8; 328.045, 1.6; 134.04629, 6; 272.95771, 4; 176.93544, 2.2: 50V 78.9579, 100; 96.96851, 19.8; 158.92462, 9.9; 134.04628, 8.7: 100V 78.9579, 100; 134.04635, 2.1; 107.03522, 2.2; 62.96292, 1.6"
"NADP","neg","20V 620.02165, 72.5; 408.01174, 63.2: 35V 78.95789, 100; 408.01226, 7.7; 158.92458, 47.3; 272.9577, 15; 134.04639, 13.4; 174.97961, 14.8; 96.96857, 15.6; 176.93536, 5.1: 50V 78.95791, 100; 158.92465, 20; 134.04643, 8.8; 174.97955, 5.7; 96.96851, 8.8: 100V 78.9579, 100; 134.04642, 1.4; 62.96295, 4.8; 107.03529, 1.9"
"Orotic acid","neg","20V : 35V : 50V 67.02898, 2.4: 100V 65.01339, 11.2; 94.9795, 2.3"
"Oxalic acid","neg","20V 60.99191, 100; 89.01332, 31.5; 88.98692, 41.6; 89.02324, 23.5; 59.01262, 22.7: 35V 60.99192, 100; 89.01339, 39.6; 88.98687, 46.3; 89.0233, 21.7; 59.01263, 24.2: 50V 60.99191, 100; 89.01336, 34.8; 88.98686, 50.2; 89.02334, 21.4; 59.01267, 19.3: 100V 60.99187, 100; 89.01334, 51.9"
"Phosphoenolpyruvic acid","neg","20V 78.95788, 100; 79.95623, 2.6; 167.05741, 4.1; 68.99457, 1.4: 35V 78.95789, 100; 79.95616, 4.2; 167.0574, 4.3: 50V 78.95788, 100; 79.95619, 10; 167.05707, 1.8: 100V 78.95788, 100; 79.95618, 15.1; 80.95556, 2.2"
"3-Phosphoglycerate","neg","20V 185.15396, 1.1; 87.00764, 1.2: 35V 184.98499, 1.7: 50V 96.9685, 88.7; 78.95789, 100: 100V 96.96849, 5.3; 78.95788, 100"
"1-Propanesulfonate","neg","20V 79.95622, 100; 123.01113, 67.2; 80.96408, 1.6: 35V 79.95621, 100; 123.01114, 65.4; 80.96405, 1.9: 50V : 100V 79.95622, 100"
"Propionylglycine","neg","20V 74.02358, 100; 130.04998, 6.5; 86.05999, 6: 35V 74.02358, 100; 130.04998, 6.7; 86.06, 6: 50V 74.02359, 100; 130.05005, 2.6; 86.06, 5.3: 100V 74.0236, 100"
"2,5-Dihydroxybenzoic acid","neg","20V 109.02844, 100; 108.02063, 20.9; 153.01854, 27.2; 81.03344, 2.3: 35V 109.02842, 100; 108.02061, 26.3; 153.01852, 19.7; 81.03342, 2.5; 85.02831, 1.2; 95.0127, 1.1: 50V 109.02844, 100; 108.02062, 87.5; 153.01855, 5.1; 81.03344, 6.5: 100V 109.02843, 2.4; 108.02061, 100; 81.03348, 1.6"
"D-Ribose 5-phosphate","neg","20V 228.93169, 1.6: 35V 162.95949, 1.5: 50V : 100V 59.98236, 1.4"
"Salicylic acid","neg","20V 93.04451, 1.7: 35V 136.89084, 1.5: 50V 93.03347, 100; 65.03849, 1.3; 137.02349, 4.7; 136.8909, 1.4: 100V 93.03346, 100; 65.03848, 20.1; 99.9247, 1.4"
"Shikimic acid","neg","20V 69.03338, 2; 55.01773, 1.6; 57.03337, 1.9; 71.04901, 1.6; 132.05577, 2.3; 59.01266, 1.8; 109.02841, 1.6; 101.02329, 1.7; 173.08179, 1.2: 35V 65.03846, 1.2; 78.95785, 1.3; 143.03414, 2.3; 69.0334, 2.6; 55.01772, 1.9; 71.04904, 1.8; 132.0557, 1.5; 58.00482, 1.5; 59.01261, 1.7; 109.02829, 1.6; 101.02335, 1.4; 111.08042, 1.2: 50V 154.94654, 83.1; 76.96887, 10.6; 111.04407, 9.6; 94.97947, 5.3; 83.04908, 15.5; 137.02347, 5.8; 172.95726, 6.8; 78.95789, 1.2; 129.01843, 1.5; 65.01328, 1.3; 76.97857, 1.5: 100V 154.94656, 100; 76.96888, 83; 94.97949, 32.8; 83.04906, 1.6; 172.95725, 7.7; 81.03341, 2.8; 65.01334, 2.9; 80.96211, 2; 76.97859, 3.5; 69.03338, 3.4; 55.01773, 3.3; 59.96612, 2.3; 75.96107, 2.6; 67.01779, 3; 58.00481, 1.9; 67.02899, 1.6"
"Succinic acid","neg","20V 116.93294, 3.3: 35V 90.00863, 5.9: 50V 90.00864, 8; 71.04906, 2.5: 100V 90.00866, 3.4"
"Succinic semialdehyde","neg","20V 57.0334, 94.9; 101.02334, 81.3: 35V 57.0334, 95.4; 101.02334, 83.3: 50V 55.01776, 6; 73.02832, 7.2; 83.01273, 6.8: 100V 55.01774, 100"
"Sucrose","neg","20V 85.02829, 1.4; 149.0447, 4.3; 87.00764, 3.8; 73.02837, 1.9: 35V 161.0448, 1.4; 72.99194, 1.7; 58.0048, 1.4; 87.0076, 2.5; 73.02832, 2.3: 50V 119.03393, 4.9; 72.99192, 2.5; 55.01767, 1.5; 83.01269, 2.6; 95.01273, 3; 57.03339, 1.7; 73.02832, 1.6: 100V "
"Sulfanilic acid","neg","20V 79.95619, 4.5; 173.01046, 34.7; 154.9466, 24.2; 172.95735, 4.3; 150.02755, 1.8: 35V 79.95623, 8.2; 173.01044, 41.1; 154.94661, 29.5; 109.04784, 4; 76.96889, 1.7; 172.95722, 3.2; 150.02776, 3: 50V 173.01045, 42.6; 154.94659, 48.1; 109.04779, 13.6; 76.96891, 6; 80.95565, 4.5; 172.95754, 4.2; 150.02759, 4; 109.02708, 2.9; 94.97956, 2.6; 107.03655, 1.3; 130.04008, 1.6; 91.02912, 1.1: 100V 79.95622, 65.6; 154.94661, 7.7; 108.04445, 1.3; 76.9689, 6.2; 80.95563, 3.5; 94.97953, 2.6; 65.01335, 1.9"
"Sulfoacetic acid","neg","20V : 35V : 50V 138.93638, 1.3: 100V "
"Taurine","neg","20V 61.98716, 10.4; 124.05055, 9.5; 82.03994, 8; 82.0286, 4.7; 106.97983, 2.9; 80.96401, 1.9; 64.9691, 2.1: 35V 124.00639, 88; 79.95621, 100; 82.0399, 5.1; 106.97976, 2.9; 80.96406, 1.6; 64.96909, 2.3: 50V 124.00638, 47.3; 79.95621, 100; 106.97976, 2; 80.96397, 1.8; 64.96913, 2: 100V 61.98717, 3.9"
"Threonic acid","neg","20V 59.01264, 11; 72.99194, 12.4; 89.0233, 9.1: 35V 59.01264, 10.2; 72.99193, 11.6; 71.01267, 3.8; 89.02328, 9; 117.01837, 2.3: 50V 59.01264, 12.2; 72.99195, 16.3; 71.01262, 4.6; 135.029, 7.8; 89.0233, 5.3: 100V 99.92464, 5.5"
"Thymidine","neg","20V 125.03465, 66.9; 241.08294, 71.3; 151.05043, 31.8; 241.21749, 14.5: 35V 125.03466, 83.6; 241.2174, 29.9: 50V 125.03463, 99.8: 100V "
"Thymine","neg","20V 125.03465, 100; 81.95204, 20.9; 125.00705, 11: 35V 125.03468, 100; 81.95202, 23; 125.00694, 15.7; 81.96041, 3.4; 125.01517, 2.6: 50V 125.03467, 100; 81.952, 51.9; 125.00697, 14.1: 100V 81.95203, 100; 81.96051, 15.8"
"Trehalose","neg","20V 143.03405, 8.8; 131.03392, 5.5; 149.04467, 4.4; 87.00764, 3.8; 73.02837, 1.9: 35V 179.05556, 2; 143.03405, 1.9; 85.02836, 5.4; 72.99193, 1.7; 58.00481, 1.4; 83.01271, 2.9; 87.00758, 2.5; 95.01266, 2.3: 50V 119.03396, 4.7; 72.99194, 2.5; 58.0048, 1.7; 55.01768, 1.6; 87.00759, 2.1; 95.01278, 3.1: 100V 72.99192, 6.9"
"UDP-N-acetylglucosamine","neg","20V 96.96835, 6.3; 362.00553, 5.7: 35V 174.97952, 2.9: 50V 176.93522, 1.7; 119.98454, 1.4: 100V "
"UDP-glucose","neg","20V 214.41044, 44.1; 214.42409, 58.1; 96.96851, 6.1; 384.98619, 4.1: 35V 280.02352, 1.9: 50V 138.97937, 1.1; 120.96855, 1.3: 100V "
"Uracil","neg","20V : 35V 79.95614, 1.7; 110.9747, 5.8; 111.04414, 2: 50V 79.95627, 2.1; 110.97472, 7.8; 111.05548, 1.4: 100V 79.95621, 100"
"Uridine","neg","20V 110.02371, 100; 82.02874, 5.3; 66.03374, 3.1; 200.05608, 24.1; 243.06235, 12.8; 152.03453, 14.6; 122.02373, 2.3; 111.01895, 10.6; 140.03443, 10.3; 153.02975, 9; 108.04443, 1.8; 132.02948, 1.7; 117.01832, 1.8: 35V 110.0237, 100; 82.0287, 19.2; 66.03375, 9.7; 200.05634, 3.3; 152.03449, 10; 122.02378, 6.9; 111.01896, 3.8; 140.03446, 7.5; 124.0395, 2; 108.04442, 2.6; 96.04438, 1.9: 50V 110.02372, 100; 82.02872, 71.9; 66.03375, 35.1; 68.01306, 5.2; 94.02878, 5; 152.03463, 3.8; 122.02381, 11.1; 111.01901, 3.9; 140.03446, 1.7; 71.01271, 3.7; 124.03947, 5.3; 83.01274, 3.3; 108.04448, 2.3; 96.04443, 3: 100V 82.0287, 100; 66.03376, 51.1; 68.01301, 50.1; 81.02085, 18.5; 94.0287, 16.7; 55.01775, 12.1; 50.00241, 11.8; 65.99731, 9"
"Allantoin","neg","20V 93.05279, 98.1; 78.97216, 4; 157.01532, 97; 97.00323, 37.5; 79.98001, 6; 157.12263, 35; 114.02983, 26.7; 65.01333, 5.8; 130.04005, 14.1; 157.05106, 10.6; 92.04944, 12; 113.0597, 8.3; 115.02914, 4.9; 71.0239, 3.4; 90.97025, 3.6; 91.029, 3.2: 35V 93.05279, 100; 78.97218, 5.1; 157.01529, 71.4; 97.00323, 33.8; 79.97996, 6.9; 157.12259, 24.4; 114.02985, 24.6; 65.01331, 6.1; 130.04011, 13.5; 157.05122, 7.6; 92.04944, 12.8; 113.05976, 6.4; 93.04664, 5.5; 115.02913, 4.5; 156.94331, 2.5; 89.01341, 2.3; 71.0239, 4.3; 91.02905, 2.1; 72.99186, 2.1: 50V 93.05279, 100; 61.96938, 3.2; 78.97218, 13; 157.01529, 23.2; 93.95929, 5.1; 97.00321, 19.8; 79.98003, 15.8; 157.12262, 5.1; 114.02982, 12.9; 65.01334, 6.6; 130.04003, 5.6; 157.05107, 3.1; 92.04946, 14.6; 79.97158, 1.5; 94.0368, 2; 113.05966, 2.1; 93.04647, 4.2; 115.02907, 3; 156.94339, 1.9; 89.01339, 2.6; 71.02395, 4.2; 80.97939, 1.7; 90.9702, 2.1; 91.029, 1.7: 100V 93.05278, 83.6; 61.9694, 90.9; 78.97217, 100; 63.96125, 77.1; 93.95931, 34.1; 97.00328, 11; 79.98001, 40.6; 65.01332, 28.9; 77.96437, 19.1; 92.04951, 10.7; 79.97161, 10.7; 62.96884, 12; 64.96068, 9; 94.03678, 6.9; 93.04678, 4; 156.94349, 5.7; 89.01342, 6.9; 71.02389, 4.3; 80.97948, 4.6; 59.02388, 4.8"
